{
    "name": "Canard",
    "orientation": 0,
    "mirror": 1,
    "num_hinge": 1,
    "planform_Geo": [
        [
            0.0,
            0.0,
            0.0,
            75.0,
            10.0,
            0.0,
            -1.0,
            0.0
        ],
        [
            13.224523553134873,
            75.0,
            0.0,
            35.0,
            10.0,
            0.0,
            0.0,
            1.0
        ],
        [
            19.39596787793115,
            110.0,
            0.0,
            0.0,
            0.0,
            0.0,
            -1.0,
            1.0
        ]
    ],
    "section_Geo": [
        [
            30.0,
            0.0,
            0.5,
            0.0,
            0.025
        ],
        [
            12.0,
            0.0,
            0.5,
            0.0,
            0.025
        ],
        [
            10.0,
            0.0,
            0.5,
            0.0,
            0.025
        ]
    ],
    "airfoil_Geo": [
        [
            "EpplerE1212"
        ],
        [
            "NACA0009"
        ],
        [
            "NACA0009"
        ]
    ]
}