{
    "name": "Wing",
    "orientation": 0,
    "mirror": 1,
    "num_hinge": 2,
    "planform_Geo": [
        [
            170.0,
            0.0,
            0.0,
            80.0,
            30.0,
            0.0,
            -1.0,
            0.0
        ],
        [
            216.18802153517007,
            80.0,
            0.0,
            80.0,
            30.0,
            0.0,
            0.0,
            1.0
        ],
        [
            262.37604307034013,
            160.0,
            0.0,
            160.0,
            40.0,
            20.0,
            -1.0,
            1.0
        ],
        [
            396.6319840587049,
            320.0,
            58.235237482592375,
            0.0,
            0.0,
            0.0,
            -1.0,
            1.0
        ]
    ],
    "section_Geo": [
        [
            100.0,
            0,
            0.75,
            -0.05,
            0.025
        ],
        [
            60.0,
            0.0,
            0.75,
            0.0,
            0.025
        ],
        [
            35.0,
            0.0,
            0.75,
            0.0,
            0.025
        ],
        [
            25.0,
            0.0,
            0.75,
            0.0,
            0.025
        ]
    ],
    "airfoil_Geo": [
        [
            "EpplerE1212"
        ],
        [
            "NACA0009"
        ],
        [
            "NACA0009"
        ],
        [
            "NACA0009"
        ]
    ]
}